{
"E": 0.12496014535434441,
"T": 0.09250682086050632,
"A": 0.0804422164008742,
"O": 0.07592876339015997,
"I": 0.07286619860331199,
"N": 0.07095949756488905,
"S": 0.06547646768881409,
"R": 0.06131304014503403,
"H": 0.05437280009204764,
"L": 0.041338829498822956,
"D": 0.03967046609020289,
"C": 0.031027513350384343,
"U": 0.027143305399432584,
"M": 0.02542837027004644,
"F": 0.023329271127282197,
"P": 0.020219923887899973,
"G": 0.01949922124075072,
"W": 0.018786947864328357,
"Y": 0.01722416107156261,
"B": 0.015345908821842938,
"V": 0.009961712145040776,
"K": 0.006572302385757567,
"X": 0.0019890971597783017,
"J": 0.0016099907088363413,
"Q": 0.0010753642129832264,
"Z": 0.0009516646650660886
}